SE SOIGNER,Clinique médicale L' Actuel,"Santé: ITSS, dépenances, gynécologie","1001 boulevard De Maisonneuve Est, bureau 1130, Montréal, H2L 4P9",15145241001,www.cliniquelactuel.ca,info@lactuel.ca,"Hommes, femmes à risque d'ITSS"
SE LOGER,Maison L'Éclaircie de Montréal,"Hébergement, accompagnement, soutien psychosocial, activités culturelles","10375 rue Papineau, Ahuntsic-Cartierville, Montréal, H2B 2A3",15143822760,www.leclaircie.com,leclaircie@videotron.ca,"Hommes, femmes avec problèmes de santé mentale"
S'ORIENTER,Clinique droits devant,"Accompagnement et services juridiques, formation pour intervenants","105 rue Ontario Est, Montréal, H2X 1G9",15146030265,www.cliniquedroitsdevant.org,intervention@cliniquedroitsdevant.org,"Personnes marginalisées, intervenants"
SE LOGER,Rue des Femmes (La),"Centre de jour, hébergement, repas, soutien et accompagnement, logements",1050 rue Jeanne-Mance.Montreal. H2Z 1L7,15142849665,www.laruedesfemmes.org,lcouture@laruedesfemmes.org,"Femmes, statut précaire"
SE LOGER,RHF - Réseau habition femmes,"Hébergement, soutien","1060 avenue de l' Hotêl-de-Ville, appartement 1, Montréal, H2X 3A6",15148759529,,info@rhf1060.org,Femmes 18 ans et plus
S’OCCUPER DE SOI,RAP jeunesse,"Centre de soir, accompagnement et soutien, service d'intervention et travailleurs de rue","10780 rue Laverdure, Ahuntsic-Cartierville, H3L 2L9",15143887336,www.rapjeunesse.org,info@rapjeunesse.org,Jeunes 13 ans et plus
SE NOURRIR,Service de nutrition et d'action communautaire,"Centre de jour, repas, intervenants, ateliers","10780 rue Laverdure, bureau 003, Ahuntsic-Cartierville, Montréal, H3L 2L9",15143856499,www.lesnac.com,info@lesnac.com,"hommes, femmes à faible revenu"
S’OCCUPER DE SOI,CRAN - Centre de recherche et d'aide pour narcomanes,"Centre de jour, santé, désintoxication, soutien psychosocial, suivi","110 rue Prince-Arthur Ouest, Montréal, H2X 1S7",15145276939,www.cran.qc.ca,info.cran@ssss.gouv.qc.ca,Hommes femmes toxicomanes ou avec problèmes de santé
S’OCCUPER DE SOI,Bonsecours,"Centre de jour, hébergement, thérapie de désintoxication, soutien et accompagnement","11130 et 11132 boulevard Pie-IX, Montréal, H1H 4B5",15149358882,www.bonsecours.info,gaetanbriere@bonsecours.info,"Hommes 25 ans et plus, toxicomanes et itinérants ou à risque"
SE LOGER,En marge 12-17,"Centre de jour, de soir et de fin de semaine, hébergement, repas, soutien psychosocial","1151 Alexandre de Sève,Montréal, H2L 2T9",15148497738,www.enmarge1217.ca,hebergement@enmarge1217.ca,"Jeunes 12-17 ans, 16-22 ans (logement social)"
SE NOURRIR,Oeuvre soupe maison (L'),"Repas, vêtements","1170 rue Notre-Dame, Lachine, Montréal, H8S 2C4",15144699954,,soupemaison@videotron.ca,"Hommes, femmes à faible revenu"
SE NOURRIR,Phare de Montréal-Nord (Le),Repas,"11835 boulevard Langelier, Montréal-Nord, H1G 6G6",15143290793,,emmanuel.church@bellnet.ca,"Hommes, femmes"
SE LOGER,Logis-RAP,"Hébergement, aide à l'emploi","11855 rue Marie-Anne Lavallée, Ahuntsic-Cartierville, Montréal, H3M 3E9",15143348686,www.logisrap.com,logisrap@gmail.com,18-30 ans en réinsertion
SE LOGER,Maison Nazareth,"Hébergement, repas, vêtements","1197 ave Seymour, Montreal,H3H 2A4",15149336916,,nazareth.maison@gmail.com,Hommes
SE NOURRIR,Fourchettes de l'espoir (Les),"Centre de jour, repas","12165 boulevard Rolland, Montréal-Nord, H1G 5Y1",15148521492,,lesfourchettesdel'espoir@hotmail.com,"Hommes, femmes"
S’OCCUPER DE SOI,GEIPSI-Groupe d'entraide à l'intention des personnes séropositives itinérantes et toxicomanes,"Centre de jour, soutien, échange de seringues, camps et ateliers, activités","1223 rue Ontario Est, Montréal, H2L 1R5",15145230979,www.geipsi.ca,info@geipsi.ca,"Hommes et femmes avec VIH ou VHC, toxicomanes ou itinérantes"
SE SOIGNER,CLSC des faubourgs (Clinique jeunes de la rue),"Centre de jour, douches, santé: consulatations/ examens/ dépistage/ sexualité/ soins dentaires, pairs aidants","1250 rue Sanguinet, Montréal, h2x 3e7",,www.csssjeannemance.ca/soins-et-services/population-marginale/jeunes-de-la-rue/,,"Jeunes marginalisés, 14-25, avec ou sans c.a.m"
SE LOGER,Dianova - Maison de chambres St-André,Hébergement,"1273 rue Saint-André, Montréal, H2L 3T1",15148757013,http://www.dianova.ca/index.php/itinerance/maisons-de-chambres-st-andre,dianova@dianova.ca,"Hommes, femmes, seuls, itinérants ou à risque"
SE RÉINSÉRER,Sac à Dos-action-réinsertion,"Centre de jour, douches, lessive, service d'entreposage et de casiers postaux, accompagnement.","1274 rue de Bullion, Montréal, H2X 2Z3",15143938868,www.le-sac-a-dos.org,richard.chretien@lesacados.org,"Hommes, femmes itinérants"
S'ORIENTER,Présence compassion,"Centre de jour, soutien et accompagnement psychosocial, travailleurs de rue, ateliers","1280 Rue Berri, Montréal, QC H2L 4S6",15145029844,www.presencecompassion.com,presencecompassion@hotmail.ca,Itinérants
SE SOIGNER,Spectre de Rue,"Centre de jour et de fin de semaine, soutien psychosocial, intervenants, travailleurs de rue, prévention ITSS, échange de seringues,","1280 Rue Ontario E, Montréal, QC H2L 1R6",15145245197,www.spectrederue.org,administration@spectrederue.org,"Hommes, femmes dans la toxicomanie, prostitution, itinérance ou problèmes de santé mentale"
SE LOGER,Maison du Père - Maison Wolfe,Hébergement,"1284 rue Wolfe, Montréal, H2L 3J3",15148450168,www.maisondupere.org,administration@maisondupere.org,Hommes sans-abri en réinsertion
SE LOGER,Maison du Parc,"Hébergement pour personnes vivant avec le VIH/SIDA, accompagnement et soutien psychosocial","1287 rue Rachel Est, Montréal, H2J 2J9",15145236467,www.maisonduparc.org,info@maisonduparc.org,"Hommes, femmes avec VIH/SIDA"
S’OCCUPER DE SOI,Groupe d'intervention alternative par les pairs,"Centre de jour, travailleurs de rue. sensibilisation, volet: pairs aidants","1300 rue Sanguinet, Montréal, H2X 3E7",,www.pairs-aidants.org,pairs-aidants@cactusmontreal.org,"18-30 ans, statut précaire"
SE SOIGNER,Cactus,"Centre jour, soir,nuit et fin de semaine,consultation et soins,distribution de matériel d'injection,accompagnement administratif, prévention toxicomanie / alcool, travailleur de rue, aide à l'emploi, pair-aidants","1300 rue Sanguinet, Montréal,Qc, H2X 3E7",15148470038,www.cactusmontreal.org,info@cactusmontreal.org,Usagers de drogues - sans-abri - travailleur(ses) du sexe - transsexuelles
SE RÉINSÉRER,Cactus,"Centre jour, soir,nuit et fin de semaine,consultation et soins,distribution de matériel d'injection,accompagnement administratif, prévention toxicomanie / alcool, travailleur de rue, aide à l'emploi, pair-aidants","1300 rue Sanguinet, Montréal,Qc, H2X 3E7",15148470038,www.cactusmontreal.org,info@cactusmontreal.org,Usagers de drogues - sans-abri - travailleur(ses) du sexe - transsexuelles
SE LOGER,Mission Old Brewery - Pavillon Patricia Mackenzie,"Hébergement, repas, soutien psychosocial","1301 boulevard De Maisonneuve Est, Montréal, H2L 2A4",15145266446,www.oldbrewerymission.ca,pmp@missionoldbrewery.ca,"Femmes itinérantes, 18 ans et plus"
S’OCCUPER DE SOI,Groupe d' entraide Lachine,"Centre de jour, hébergement, soutien psychosocial, ateliers, activités culturelles","1310 rue Notre-Dame, Lachine, Montréal, H8S 2C8",15146394941,www.grentraidelachine.ca,info@grentraidelachine.ca,"Hommes, femmes avec problèmes de santé mentale"
SE LOGER,Y des femmes de Montréal - Hébergement,"Centre de jour, hébergement, volet: réinsertion sociale","1355 René-Levesque Ouest, Montréal, H3J 1T3",15148669941,www.ydesfemmesmtl.org,servicesresidentiels@ydesfemmesmtl.org,"Femmes, statut précaire, sans enfants"
S’OCCUPER DE SOI,Mission St-Michael (toit rouge),"Centre de jour, soupe populaire, vêtements, accompagnement, santé, activités culturelles","137 avenue Président-Kennedy,Montréal,H2X 3P6",15148448127,www.stmichaelsmission.ca,stmichaelsmission@gmail.com,"Hommes, femmes, itinérants ou statut précaire"
S’OCCUPER DE SOI,Maison des amis du Plateau,"centre de jour et de fin de semaine (samedi), repas, vêtements, écoute et soutien, ateliers et activités","1370 Boulevard Saint-Joseph Est, Montréal, QC H2J",15145271344,www.maisondesamis.org,info@maisondesamis.org,"Hommes et femmes, statut précaire, avec ou sans enfants"
SE LOGER,RJSL - Ressources jeunesse de Saint-Laurent - Maison d' hébergement,"hébergement (8$), soutien, ligne téléphonique","1410 rue O' Brien, Saint-Laurent, Montréal, H4L 3W4",15147471341,www.rjsl.ca,info@rjsl1410.com,"Jeunes 16-22 ans, itinérants"
S'ORIENTER,RAPSIM- Réseau d'aide aux personnes seules et itinérantes de Montréal,Regroupements des services pour personnes seules et/ou itinérantes,"1431 rue Fullum local 203, Montréal, H2K 0B5",15148791949,www.rapsim.org,info@rapsim.org,"Hommes, femmes, seuls et/ou itinérants"
S’OCCUPER DE SOI,Centre de Jour St-James,"Centre de jour, vêtements, repas(souper), accompagnement et soutien, formation à l'emploi, activités, rencontres, doit être membre","1439, rue Ste-Catherine Ouest Montreal H3G 1S6",15142880039,www.stjamescentre.ca,info@stjamescentre.ca,"hommes, femmes, personnes itinérantes"
S'ORIENTER,YMCA - dialogue,"Centre de jour, douches, santé, soutien, accompagnement administratif, aide à l'emploi et à l'habitation, sports.","1440, rue Stanley, Montréal, Qc H3A 1P7",,www.ymcaquebec.org,dialogue.cv@ymcamontreal.qc.ca,"Hommes, femmes, itinérants ou statut précaire"
S’OCCUPER DE SOI,Mission Bon Accueil- Service aux jeunes,"Centre de jour, repas, vêtements, douches, santé, accompagnement, aide à l'emploi, soutien psychosocial, activités culturelles, divers sports","1448 rue Beaudry, Montréal, H2L 3E5",15149041346,www.missionbonaccueil.com,info@missionba.com,"Hommes 15-25 ans, femmes 15-30 ans"
S’OCCUPER DE SOI,Saint-Barnabé/ répit,"Centre de jour, nourriture, douches, lits, répit pour travailleurs du sexes","1473 Avenue Bennett, Mercier-Hochelaga-Maisonneuve, Montréal, QC H1V 2S5",15142512081,capstbarnabe.org,vicki.baribeau-pessiridis@capstbarnabe.org,travailleuses du sexe
SE NOURRIR,Saint-Barnabé/carrefour d'alimentation et de partage,"Centre de jour, repas (déjeuner+collation), vêtements, douches, banque alimentaire, recherche d'emploi, accompagnement, activités","1475 Avenue Bennett, Mercier-Hochelaga-Maisonneuve, Montréal, QC H1V 2S5",15142512081,www.capstbarnabe.org,capsaintbarnabe@videotron.ca,Hommes et femmes à faible revenu
SE LOGER,Saint-Barnabé/ Maison sainte-Catherine,"Hébergement, accompagnement et soutien psychosocial","1475 rue Bennet, Mercier Hochelaga Maisonneuve, Montréal, H1V 2S5",15142512081,www.capstbarnabe.org,capsaintbarnabe@videotron.ca,"Femmes, sans-abri ou à risque"
SE LOGER,Saint-Barnabé/ Maison Viau,"Hébergement, soutien, intervention","1475 rue Bennet, Mercier Hochelaga Maisonneuve, Montréal, H1V 2S5",15142512081,www.capstbarnabe.org,capsaintbarnabe@videotron.ca,Hommes seuls
SE LOGER,Maison Tangente,"Hébergement (9$), accompagnement et soutien psychosocial, activités culturelles","1481 avenue Desjardin, Mercier Hochelaga Maisonneuve, Montréal, H1V 2G5",15142528771,www.maisontangente.qc.ca,info@maisontangente.qc.ca,"Hommes, femmes, 18-25 ans, sans-abris"
S’OCCUPER DE SOI,Mission Bon Accueil - Mission des hommes,"Centre de jour, soir et fin de semaine, hébergement, repas, soutien psychosocial, accompagnement administratif","1490 rue Saint-Antoine Ouest, Montréal, H3C 1C3",15149356396,www.missionbonaccueil.com,,Hommes 18 ans et plus - sans-abri - personnes défavorisées
SE SOIGNER,AQPSUD - Association québécoise pour la promotion de la santé des personnes utilisatrices de drogues,Promotion de la santé des personnes utilisatrices de drogues,"1495 avenue Bennett, Mercier-Hochelaga-Maisonneuve, H1V 2S5",15149041241,www.linjecteur.ca,aqpsud@gmail.com,Toxicomanes
SE NOURRIR,Chic Resto Pop,"Centre de jour, repas (4$), formations et éducation","1500 Avenue d'Orléans, Montréal, QC H1W 3R1",15145214089,www.chicrestopop.com,jouellette@chicrestopop.com,"Hommes, femmes, jeunes, enfants"
SE SOIGNER,Unité d'alcoologie et de toxicomanie - Centre Griffith Edwards,Santé: service de toxicomanie en milieu hospitalier,"1547 avenue des Pins Ouest, Montréal, H3G 1B3",15149348311,www.cusm.ca/addictions_unit,,"Hommes, femmes avec problèmes de santé mentale et de dépendances"
S’OCCUPER DE SOI,AJOI - Action jeunesse de l' Ouest de l'île,"Centre de jour et de soir, santé, soutien psychosicial, accompagnement, aide à l'emploi et au logement, animation et activités, travailleurs de rue et intervenants","15632 boulevars Gouin ouest, L'île-Bizard-Sainte-Geneviève, H9H 1C4",15146754450,www.ajoi.info,information@ajoi.info,"Jeunes marginalisés, statut précaire, 12-25 ans"
S’OCCUPER DE SOI,P.A.S. de la Rue,"Centre de jour, intervenants, activités, soupe et collation, programme de réinsertion sociale, logements transitoires, sécurité alimentaire, rencontres","1575 Boul René-Lévesque E, Montréal, QC H2L 4K1",15145261699,www.pasdelarue.org,direction@pasdelarue.org,"Hommes, femmes, statut précaire, sans-abris, 55 ans et +"
S’OCCUPER DE SOI,Maison Plein coeur,"Centre de jour, hébergement, santé, accompagnement et soutien psychosocial, ateliers, activités culturelles, rencontre pour personnes avec VIH/SIDA","1611 rue Dorion, Montréal, H2K 4A5",15145970544,www.maisonpleincoeur.org,infompc@maisonpleincoeur.org,"Hommes, femmes avec VIH/SIDA"
SE LOGER,Ma Chambre inc.,Organisme pour la mise sur pied de bâtiments résidentiels à vocation communautaire,"1626 rue Saint-Hubert, Montréal, H2L 3Z3",15142879511,www.machambreinc.org,,-
SE LOGER,Maison Oxygène,"Hébergement, accompagnement et soutien","1660 Boul Pix-IX,Montréal, H1V 2C5",15146556625,www.maisonoxygene.com,oxygene@maisonoxygene.com,"Hommes, pères, familles"
S’OCCUPER DE SOI,Dans la rue- Chez Pops,"Centre de jour, école alternative, soutien juridique et psychosocial, santé, formations, recherche de logement, activités: art et musique, clinique pour animaux, intervenants de rue ( La Roulotte)","1662, rue Ontario Est, Montréal, H2L1S7",18885207677,www.danslarue.org,centredejour@danslarue.org,"Jeunes de la rue, 12-25 ans"
S’OCCUPER DE SOI,Comité Social Centre Sud,"Repas, vêtements, activités culturelles, accompagnement adrministratif","1710 Beaudry Montréal, Québec H2L 3E7",15145967093,www.comitesocialcentresud.org,cscs.direction@gmail.com,"Adultes, personnes défavorisées"
S’OCCUPER DE SOI,Centre de soir Denis Massé,"centre de soir et fin de semaine, rencontres, activités, formations et ateliers, briser l'isolement","1713 rue Amherst,Montréal,Qc,H2L 3L4",15145258059,www.denise-masse.ca,den.mass@gmail.com,"hommes, femmes, santé mentale ou itinérance"
SE LOGER,Auberge du coeur Le Tournant,"Hébergement, soutien psychosocial","1775 rue Wolfe, Montréal, H2L 3J9",15145232157,www.aubergeletournant.org,tournant@aubergeletournant.org,"Hommes, 18-29 ans, sans-abri"
S’OCCUPER DE SOI,Groupe harmonie,"Centre de jour, intervention, soutien psychosocial, formations","1801 boulevard De Maisonneuve Ouest, bureau 760, Montréal, H3H 1J9",15149392640,www.groupeharmonie.org,groupeharmonie@cooptel.qc.ca,"Hommes, femmes 55 ans et plus"
SE SOIGNER,CSSS de la Montagne - CLSC Métro - Équipe connexion,"Santé, accompagnement et suivi. Distribution de matériel stérile, intervenants.","1801 boulevard De Maisonneuve Ouest, Montréal, H3H 1J9",15149340354,www.csssdelamontagne.qc.ca,,"Hommes, femmes itinérants"
S’OCCUPER DE SOI,Diner St-Louis Café,"centre de jour et de fin de semaine, logement de transition, repas, douches, lessive, accompagnement réinsertion, intervenants,","1818 Gilford, Montréal,Qc,H2H 1G5",,www.diners-st-louis.org,j.p.narcisse@diners-st-louis.org info@diners-st-louis.org,"Jeunes marginalisés, 18-30 ans"
SE LOGER,Refuge des Jeunes de Montréal,"Centre de jour, hébergement, accompagnement","1836 Rue Sainte-Catherine E, Montréal, QC H2K 2H3",15148494221,www.refugedesjeunes.org,refuge@refugedesjeunes.org,"Hommes, 17-25 ans, sans-abri"
SE SOIGNER,"MAPN - Médecins aux pieds nus, Association humanitaire internationale, Massothérapie personnes itinérantes","Soins de santé variés, ateliers","1871 boulevard Rosemont, Montréal, H2G 1S7",,www.mapn.ca,francinemapn@gmail.com,Personnes à statut précaire ou en situation de vulnérabilité
SE LOGER,Maison Saint-Dominique - MSD,"Hébergement, soutien psychosocial","20 rue Guilbault, Montréal, H2X 1A1",15148457793,www.maisonst-dominique.org,msd@qc.aira.com,"Hommes, femmes avec problèmes de santé mentale"
S'ORIENTER,PVSQ - Portail VIH-SIDA du Québec,"Ligne téléphonique d'information, sur le VIH et autres ITSS","2000 rue Notre-Dame Est, Montréal, H2K 2N3",15145234636,www.pvsq.org,info@pvsq.org,Personnes voulant en savoir plus sur le VIH
S’OCCUPER DE SOI,Centre d'Amitié Autochtone de Montréal,"Centre de jour, repas et paniers, vêtements, douches, santé, travailleurs de rue, accompagnement et soutien, activités, maison des jeunes","2001 Boul St-Laurent,Montréal,H2X 2T3",15144991854,www.nfcm.org,executive.director@nfcm.org,"Autochtones, jeunes"
S’OCCUPER DE SOI,CAAM - Centre d'amitié autochtone de Montréal,"Centre de jour, repas, douches, vêtements, santé, accompagnement, formation, services juridiques, activités culturelles","2001 boulevard saint-Laurent, Montréal, H2X 2T3",15144991854,www.ncfm.org,info@ncfm.org,Autochtones
SE LOGER,MAP Montréal - Mères avec pouvoir,"Hébergement, soutien psychosocial","2015-A rue Fullum, Montréal, H2K 3N5",15142821882,www.mapmontreal.org,info@mapmontreal.org,Femmes monoparentales
S’OCCUPER DE SOI,Association bénévole Amilité,"Centre de jour et de soir, santé mentale,soutien psychosocial, activités diverses","2021 rue Union, bureau 855, Montréal,Qc,H3A 2S9",15149315757,www.assobenevoleamitie.cam.org,assobenevole@qc.aira.com,"Hommes, femmes, 65 ans et +, santé mentale"
SE LOGER,Habitations Oasis de Pointe-Saint-Charles,"Hébergement, soutien psychosocial, ateliers et activités culturelles","2035 rue du Centre, bureau 7, Le Sud-Ouest, Montréal, H3K 1J1",15149393781,,habitationsoasis@megaquebec.net,"Hommes, femmes avec problèmes de santé mentale"
SE LOGER,Chambreclerc,"Hébergement, accompagnement et soutien psychosocial, ateliers, activités culturelles","2060 rue Clark, bureau 99, Montéal, H2X 2R7",15148423677,,administration@chambreclerc.org,"Hommes, femmes itinérans, avec problèmes de santé mentale"
S’OCCUPER DE SOI,"Stella, L' Amie de maimie","Centre de jour (fermé le mardi), soutien et accompagnement, distribution de matériel, travailleurs de rue","2065 rue Partenais bureau 404 ,Montréal,H2K 3T1",15142851599,www.chezstella.org,info@chezstella.org,Travailleuses (ou anciennes travailleuses) du sexe
S’OCCUPER DE SOI,RÉZO- Santé et mieux-être des hommes gais et bisexuels,"Centre de jour, santé, prévention, distribution de matériel, ateliers, travailleurs de rue","2075 rue Plessis, bureau 207, Montréal, H2L 2Y4",15145217665,www.rezosante.org,direction@rezosante.org,Hommes
SE LOGER,Abri en ville (L'),"Hébergement, soutien et accompagnement, activités culturelles","2100 rue Marlowe bureau 650, Côte-des-Neiges-Notre-Dame-de-Grâce, Montréal, H7G 2B9",,www.labrienville.org,info@labrienville.org,"Hommes, femmes avec problèmes de santé mentale grave"
SE NOURRIR,Café l'Itinéraire,"Centre de jour , repas $4. Pour membres et camelots de l'Itinéraire, rencontre","2101 rue Sainte-Catherine est, Montréal,Qc, H2K 2H9",15145970238,www.itinéraire.ca,itineraire@itineraire.ca,"Hommes, femmes, membres de l'Itinéraire"
S’OCCUPER DE SOI,Maison Elizabeth,"Centre de jour, hébergement, accompagnement et soutien psychosocial, familles, réinsertion","2131 avenue Marlowe, Côte-des-Neiges-Notre-Dame-de-Grâce, Montréal, H4A 3L4",15144822488,www.maisonelizabethhouse,info@maisonelizabethhouse.com,"Jeunes mères, parents, familles"
S’OCCUPER DE SOI,Méta d'âme,"Centre de jour, hébergement, repas, accompagnement, activités","2250 Rue Florian, Montréal, QC H2K 2P5",15145289000,www.metadame.org,administration@metadame.org,"hommes, femmes toxicomanes"
SE LOGER,Habitations l' escalier de Montréal (Les) - L' Auberge du coeur l 'escalier,"Hébergement, soutien psychosocial","2295 rue desjardins, Mercier Hochelaga Maisonneuve, Montréal, H1V 2H6",15142529886,www.distributionsescalier.com,habitationsescalier@videotron.ca,"18-30 ans, risque d'itinérance"
S’OCCUPER DE SOI,IRIS-Association,"Centre de jour, de soir, de fin de semaine, hébergement, Intervention en situation de crise, soutien et réadaptation psychosociale","2430 boulevard Henri-Bourassa Est, bureau 101, Ahuntsic, H2B 1T7",15143889233,www.associationiris.ca,hl@associationiris.ca,"Hommes, femmes, en situation de crise et/ou problèmes de santé mentale, 14 ans et +"
S’OCCUPER DE SOI,IMPACT - Groupe d'aide en santé mentale,"Centre de jour, hébergement, accompagnement, activités culturelles","2460 rue Saint-Antoine Ouest app.107, Montréal, H3J 1B1",15149393132,,impact@bellnet.ca,"Hommes, femmes avec problèmes de santé mentale"
SE NOURRIR,Missionnaires de la charité,"Repas, soutien","2467 rue Champagne, Montréal, H2K 2G9",15145246372,,,"Hommes, femmes, familles, aînés"
S'ORIENTER,FMHF- Fédération des maisons d' hébergement pour femmes,"Formation pour les maisons d'hébergement pour femme, promotion de leur mission","2485 rue Sherbrooke Est, Montréal, H2K 1E8",15148789757,www.fede.qc.ca,info@fede.qc.ca,Tout service visant le bien-être et la réinsertion des femmes
SE NOURRIR,Mission du Grand Berger,"Centre de jour, repas, vêtements, soutien","2510 rue Centre, Le Sud-Ouest, Montréal, H3K 1J8",15149339608,www.missiongrandberger.com,demunis@missiongrandberger.com,"Homme, femmes, personnes défavorisées, sans-abri"
SE LOGER,Avenue Hébergement Communautaire,"Hébergement, soutien psychosocial, aide à l'emploi","2587 rue Leclaire,Montréal, H1V 3A8",15142542244,www.lavenuehc.org,maison@lavenuehc.org,"Hommes, femmes 18-29 ans"
SE LOGER,Maison l' Exode - Pavillon André Dumont,"Hébergement, réinsertion après thérapie de désintoxication","2590 avenue Letourneux, Mercier Hochelaga Maisonneuve, Montréal, H1V 2P4",15142557727,www.maison-exode.org,info@maison-exode.org,"Hommes, femmes ayant complété un programme de désintoxication"
SE LOGER,Murier (Le),"Hébergement, accompagnement et soutien, activités culturelles","2615 Boulevard Pie-IX, Montréal, QC, H1V 2E8",15142546110,www.lemurier.org,info@lemurier.org,"Hommes, femmes avec problèmes de santé mentale"
SE LOGER,Appartenances (Les),"Hébergement, soutien psychosocial, activité culturelles",2630 rue Frontenac,15145232133,www.aubergeletournant.org,lesappartenances@aubergeletournant.org,Hommes 18-35 ans
SE LOGER,FJTTM - Foyer de jeunes travailleurs et travailleuses de Montréal,Logements à coût modique,"2650 rue Davidson, bureau 110, Mercier Hochelaga Maisonneuve, Montréal, H1W 2Z2",15145223198,www.fjttm.org,info@fjttm.org,"Hommes, femmes, 17-24 ans"
S'ORIENTER,ASPA - Approche sécurisante des polytoxicomanes anonymes,"Centre de jour, santé, accompagnement et soutien psychosocial, Ligne téléphonique d'information et d'écoute, réinsertion et réhabilitation","2700 rue Rachel Est, suite 200, Montréal, H2H 1S7",15145290641,www.centreaspa.com,info@centreaspa.com,Toxicomanes 18 ans et plus et leurs proches
S’OCCUPER DE SOI,Maison Benoît Labre,"Centre de jour et fin de semaine, repas, vêtements, douches, accompagnement administratif","308 rue Young,Montréal, H3C 2G2",15149375973,www.benedictlabre.org,kprojean@benedictlabre.org,Hommes et femmes - sans-abri
S’OCCUPER DE SOI,CRGM - Centre de référence du grand Montréal,Ligne téléphonique d'information et de services,"3155 rue Hochelaga, bureau 101, Mercier Hochelaga Maisonneuve",15145271375,www.info-reference.qc.ca,crgm@info-reference.qc.ca,Tous
SE NOURRIR,Saint-Willibrord - Soupe populaire,Repas,"320 avenue Rielle, Verdun, Montréal, H4G 2S7",15147699678,,stwillibrordparish@videotron.ca,Hommes et femmes à faible revenu
SE SOIGNER,Centre de réadaptation en dépendance Foster - Notre-Dame-de-Grâce,"Centre de jour, santé, désintoxication, réinsertion sociale, intervention","3285 boulevard Cavendish, bureau 100, Montréal, H4B 2L9",18668512255,www.crdfoster.org,,"hommes, femmes, jeunes 12 ans et +, problèmes de dépendance"
S’OCCUPER DE SOI,GAP-Vies - Groupe d'action pour la prévention de la transmission de VIH et l'éradication du SIDA,"Centre de jour, ligne téléphonique, accompagnement et soutien psychosocial, distribution de matériel, ateliers","3330 rue Jarry Est, Montréal, H1Z 2E8",15147225655,www.gapvies.ca,gapvies@gapvies.ca,"Personnes porteuses du VIH, toute personne désirant de l'information"
SE SOIGNER,Médecins du monde - Interventions locales,"Centre de jour et de soir, santé, soutien psychosocial","338 rue Sherbrooke Est,Montréal,H2X 1E6",15142818998,www.medecinsdumonde.ca,info@medecinsdumonde.ca,"Personnes vulnérables, nouveaux arrivants"
SE LOGER,Dianova - Maison de chambres Aylwin,Hébergement,"3504 et 3505 rue Adam/ 1516 à 1522 rue Aylwin, Mercier Hochelaga Maisonneuve, Montréal, H1W 3B9",15149037073,http://www.dianova.ca/index.php/itinerance/maisons-de-chambres-aylwin,dianova@dianova.ca,"Hommes, femmes, seuls, itinérants ou à risque"
SE SOIGNER,Centre de réadaptation en dépendance de Montréal - programme itinérance,"Centre de jour, hébergement, soutien et accompagnement psychosocial, intégration sociale, santé, centre de désintoxication","3570, Saint-Urbain, Montréal, Québec H2X 2N8",15145251232,dependancemontreal.ca,info.crdm@ssss.gouv.qc.ca,"hommes, femmes, 25 ans et +, problèmes de dépendance"
SE SOIGNER,Centre de réadaptation en dépendance de Montréal - programme itinérance,"Santé, soutien psychosocial, information et références, programme itinérance","3570, Saint-Urbain, Montréal, Québec H2X 2N8",15145251232,dependancemontreal.ca,info.crdm@ssss.gouv.qc.ca,"hommes, femmes, 25 ans et +, problèmes de dépendance"
S’OCCUPER DE SOI,Multi-Caf - Ressource communautaire en alimentation,"Centre de jour, repas, soutien, ateliers, activités","3591 rue Appleton, Côte-des-Neiges-Notre-Dame-de-Grâce, Montréal, H3S 1L7",15147330554,www.multicaf.org,info@multicaf.org,"Hommes, femmes, statut précaire"
S’OCCUPER DE SOI,Dopamine - Centre de jour,"Centre de jour, santé, accompagnement et soutien, distribution de matériel stérile, prévention, travailleurs de rue","3591 rue Sainte-Catherine Est, Mercier Hochelaga Maisonneuve. H1W 2E6",15142518872,www.dopamine.ca,info@dopamine.ca,"Toxicomanes, travailleurs du sexe"
SE LOGER,SIDALYS,"Hébergement, repas, santé, accompagnement psychosocial","3702 rue Sainte-Famille, Montréal, H2X 2L4",15148424439,,sidasecours@hotmail.com,"Hommes, femmes avec VIH/SIDA"
SE LOGER,Maison d' Hérelle,"Hébergement pour personnes vivant avec le VIH/SIDA, accompagnement et soutien psychosocial","3742 rue Saint-Hubert, Montréal, H2L 4A2",15148444874,www.maisondherelle.org,info@maisondherelle.org,"Hommes, femmes avec VIH/SIDA"
SE SOIGNER,CSSS Sud-Ouest - CLSC Saint-Henri - Programme santé mentale adulte et dépendance,"Santé, prévention, distribution de matériel, suivi","3833 rue Notre-Dame Ouest, Montréal, H4C 1R2",15147660546,www.sov.qc.ca,,"Hommes, femmes toxicomanes"
S’OCCUPER DE SOI,TRAC - Site fixe,"Centre de soir, soutien, distribution de matériel","400 rue de l' Église, porte de côté, Verdun, H4G 2M4",15147981200,www.letrac.org,site@letrac.org,non mentionné
S’OCCUPER DE SOI,Open Door (porte ouverte),"Centre de jour, repas, vêtements, lessive, santé, accompagnement","4006 boulevard Dorchester,Westmount,Qc,H3Z 1Y5",15149391970,www.opendoortoday.org,caleb@opendoortoday.org,"hommes, femmes, itinérance ou à risque"
SE LOGER,Auberge Communuautaire du Sud-Ouest,"Hébergement, accompagnement et soutien psychosocial","4026 Wellington,Montréal,Qc,H4G 1V3",15147684774,www.laubergecommunautaire.org,lauberge@laubergecommunautaire.org,"Jeunes, sans-abris, décrocheurs"
SE LOGER,Résidence YMCA,"Hébergement, vêtements, accompagnement administratif, activités culturelles","4039 rue Tupper, Westmount, Montréal, H3Z 1T5",15149325353,www.ymcaquebec.org,,"Hommes, femmes, réfugiés, démunis, sans-abri"
SE LOGER,Maison Yvonne-Maisonneuve - Association d'entraide Le Chaînon,"Hébergement, santé, soutien","4194 rue De Bullion, Montréal, H2W 2E5",15148450151,www.lechainon.org,info@lechainon.org,"Femmes, 55 ans et plus, (référées par Le Chaînon)"
S’OCCUPER DE SOI,Dopamine - Site fixe,"Centre de jour, santé, accompagnement et soutien, distribution de matériel stérile, prévention, travailleurs de rue","4205 rue Ontario Est, Mercier Hochelaga Maisonneuve, H1V 1K2",15142518872,www.dopamine.ca,info@dopamine.ca,"Toxicomanes, travailleurs du sexe"
SE RÉINSÉRER,Café-Graffiti,"Centre de jour, accompagnement, activités artistiques et culturelles, volet intégration","4237 rue Sainte-Catherine Est, Mercier-Hochelaga-Maisonneuve, h1v 1x4",15142596900,www.cafegraffiti.net,cafegraffiti@cafegraffiti.net,Jeunes marginalisés
SE RÉINSÉRER,Journal de la rue (Le),"Centre de jour sur rendez-vous, accompagnement et réinsertion, intervenants, actvité: participation à la production d'un magazine","4237 rue sainte-Catherine Est, Mercier-Hochelaga-Maisonneuve, H1V 1X4",15142569000,www.refletdesociete.com,journal@journaldelarue.ca,Jeunes marginalisés
SE LOGER,RACQ - Regroupement des auberges du coueur du Québec,Les Auberges du coeur,"4246 rue Jean-Talon Est, Tour Sud, bureau 16, Saint-Léonard, Montréal, H1S 1J8",15145238559,www.aubergesducoeur.org,info@aubergesducoeur.org,Jeunes 12-30 ans
S’OCCUPER DE SOI,Jeunesse au soleil,"Centre de jour, repas, vêtements, santé, activités culturelles","4251 rue Saint-Urbain, Montréal, H2W 1V6",15148426822,www.jeunesseausoleil.com,communications@sunyouthorg.com,Hommes et femmes à faible revenu
SE LOGER,Accueil Bonneau,"Centre de jour et d'hébergement, repas, vêtements, douche, accompagnement administratif, activités culturelles, aide à l'emploi","427 rue de la Commune Est, Montréal ,QC, H2Y 1J4",15148453906,www.accueilbonneau.com,info@accueilbonneau.com,Hommes seuls 18 ans et plus - sans-abri
SE NOURRIR,Accueil Bonneau,"Centre de jour et d'hébergement, repas, vêtements, douche, accompagnement administratif, activités culturelles, aide à l'emploi","427 rue de la Commune Est, Montréal ,QC, H2Y 1J4",15148453906,www.accueilbonneau.com,info@accueilbonneau.com,Hommes seuls 18 ans et plus - sans-abri
SE LOGER,Maison l' Exode - Pavillon Émilie Gamelin,"Hébergement, traitement des dépendances et réinsertion sociale","4290 rue Sainte-Émilie, Le Sud-Ouest, Montréal, H4C 2A5",15142553468,www.maison-exode.org,info@maison-exode.org,"Hommes, femmes avec problème de dépendance, référés"
SE LOGER,Chaînon (Le),"Hébergement, accompagnement et soutien","4373 Avenue de l'Esplanade,Montréal,H2W 1T2",15148450151,www.lechainon.org,info@lechainon.org,Femmes 18 ans et plus
S'ORIENTER,Hapopex,Organisme pour la mise sur pied de bâtiments résidentiels à vocation communautaire,"445 rue Jean-Talon Ouest, bureau 201, Villeray-Saint-Michel-Parc-Extension, Montréal, H3N 1R1",15145831378,www.hapopex.com,,-
SE LOGER,Mission Old Brewery - Pavillon Lise Watier,Hébergement,"4450 rue Ontario Est, Montréal, H1V 1K6",,www.oldbrewerymission.ca,info@oldbrewerymission.ca,Femmes itinérantes
SE NOURRIR,Resto Plateau,"Centre de jour, repas(4$), formation","4450, rue Saint-Hubert, bureau 232
 , Montréal (Québec) H2J 2W9",15145275997,www.restoplateau.com,servicetraiteur@restoplateau.com,"Hommes, femmes"
S’OCCUPER DE SOI,Plein milieu,"Centre de jour, travailleurs de rue, intervention, distribution de seringues, accompagnement psychosicial, ligne téléphonique","4677, rue saint-Denis, Montréal, H2J 2L5",18779144664,www.pleinmilieu.qc.ca,,"Hommes, femmes, jeunes, itinérants, toxicomanes"
S’OCCUPER DE SOI,Ketch café,"Centre de soir et de fin de semaine, repas, douches, lessive, accompagnement, prévention ITSS, distribution de matériel stérile, activités","4707 rue Saint-Denis, Montréal, H2J2L5",,www.diners-st-louis.org/le_ketch_cafe.htm,info@diners-st-louis.org,"Jeunes marginalisés, 18-30 ans"
SE LOGER,Mission Bon Accueil - Logements de transition MBA,"Hébergement, volet: réinsertion sociale","4755 rue Acorn, Porte D, St-Henri, Montréal, H4C 3L6 (inscription)",15149379317,www.missionbonaccueil.com,info@missionba.com,"Hommes, femmes en réinsertion"
SE LOGER,Mission Bon Accueil - Résidences Bon Accueil,"hébergement, programme contre les dépendances","4755-A rue Acorn, Montréal, H4C 3L6",15145235288,www.missionbonaccueil.com,info@missionba.com,Personnes avec problèmes de dépendance et psychosociaux
SE LOGER,Maison du Pharillon,"Hébergement, thérapie, suivi","4901 rue Adam Montréal, H1V 1W2",15142548560,www.pharillon.org,administration@pharillon.org,Hommes avec dépendance
S’OCCUPER DE SOI,CCPSC - Clinique communautaire de Pointe-Saint-Charles,"Centre de jour, santé, accompagnement et soutien psychosocial, distribution de matériel, familles, ateliers","500 avenue Ash, Le Sud-Ouest, Montréal, H3K 2R4",15149379251,www.ccpsc.qc.ca,genevieve.lambertpilotte@ssss.gouv.qc.ca,Tous
SE RÉINSÉRER,EXEKO,"Centre de jour, , ateliers, éducation, rencontre et échange","5445 avenue de Gaspé, bureau 405, Montréal, H2T 3B2",15145289706,www.exeko.org,info@exeko.org,"Hommes, femmes marginalisés"
SE LOGER,Maison du Père,"Hébergement, ouvert en fin de semaine, repas, vêtements, douche, accompagnement administratif, aide à l'emploi, prévention toxicomanie/alcool, santé physique et mentale","550 Boul René-Levesque Est,Montréal,H2L 2L3",15148452108,www.maisondupere.org,administration@maisondupere.org,Hommes seuls 25 ans et plus - sans-abri
SE NOURRIR,Maison du Père,"Hébergement, ouvert en fin de semaine, repas, vêtements, douche, accompagnement administratif, aide à l'emploi, prévention toxicomanie/alcool, santé physique et mentale","550 Boul René-Levesque Est,Montréal,H2L 2L3",15148452108,www.maisondupere.org,administration@maisondupere.org,Hommes seuls 25 ans et plus - sans-abri
SE LOGER,Maison du Père - Le Refuge,"Hébergement (1$), intervenants","550 Boul René-Levesque Est,Montréal,H2L 2L3",,www.maisondupere.org,refuge@maisondupere.org,"Hommes itinérants, 25 ans et plus"
SE LOGER,Maison du Père - Soutien à domicile et accompagnement social,"Hébergement, santé, accompagnement, activités, volet:réinsertion sociale","550 boulevard René-Levesque Est, Montréal, H2L 2L3",,www.maisondupere.org,acc.social@maisondupere.org,Hommes en réinsertion
SE LOGER,Anonyme ( L') - Unité d'intervention mobile,"Unité mobile de soir, soutien et accompagnement psychosocial, distribution de matériel, halte chaleur","5600 rue Hochelaga, bureau 160, Mercier Hochelaga Maisonneuve, H1N 3L7",18552366700,www.anonyme.ca,administration@anonyme.ca,"Hommes, femmes, jeunes"
S’OCCUPER DE SOI,À deux mains,"Centre de jour, santé accompagnement, travailleurs de rue, distribution de seringues, éducation secondaire","5833 rue Sherbrooke Ouest, Côte-des-Neiges, H4A 1X4",15144810277,www.headandhands.ca,info@headandhands.ca,Jeunes 12-25 ans
S’OCCUPER DE SOI,Centre Naha,"Centre de jour, hébergement, vêtements, volet:réinsertion sociale, distribution alimentaire","5995 rue Hochelaga,Montréal,Qc, H1N 1X3",15142599962,www.centrenaha.org,centre@centrenaha.org,"Hommes 35 ans et plus (hébergement), tous (autres services)"
SE RÉINSÉRER,OMEGA - Ressource communautaire,"Centre de jour, hébergement, aide à l'emploi, ateliers, activités culturelles","600 avenue de l'Église, Dorval, Montréal, H9S 1R3",15146312760,www.omegacenter.org,info@omegacenter.org,"Hommes, femmes avec problèmes de santé mentale"
SE LOGER,Service d'intégration à la collectivité- Appartements supervisés Augustine-Gonzalez,"Hébergement, accompagnement","6000 rue de La Roche, bureau 2, Montréal, H2S 2C7",15147221125,,augustine@videotron.ca,"Femmes mères, 16-22, démunies"
SE LOGER,Maison L'Intervalle,"Hébergement, accompagnement, réinserton","6007 rue Notre-Dame Est, Montréal, H1N 2C9",15142532758,www.maisonintervalle.com,boileauy@maisonintervalle.com,"Hommes, femmes avec problèmes de santé mentale et judiciaires"
SE NOURRIR,Mission Bon Accueil,"Hébergement, ouvert en fin de semaine, repas, vêtements, douche, accompagnement administratif, aide à l'emploi, prévention toxicomanie/alcool","606 de Courcelle,Montréal,Qc, H4C 3L5",15145235288,www.missionbonaccueil.com,benevole@missionba.com,Hommes 18 ans et plus - sans-abri - personnes défavorisées
SE SOIGNER,Mission Bon Accueil - Clinique dentaire Jim Lund,Santé dentaire,"606 de Courcelle,Montréal,Qc, H4C 3L5",,www.missionbonaccueil.com,jldental@missionba.com,"Hommes, femmes à faible revenu, itinérantes. Doit être référé"
SE LOGER,Centre d'hébergement L' Entre-Toit,"Hébergement, soutien psychosocial, réinsertion, suivi","6177 rue Saint-Jacques, Côtes-des-Neiges-Notre-Dame-de-Grâce, Montréal, H4B 1T7",15148463202,www.lentretoit.org,pierre.entretoit@videotron.ca,"Hommes, femmes avec problèmes de santé mentale et judiciaires"
SE NOURRIR,Mission de l'Église Unie du Sud-Ouest,"Centre de jour, repas","631 rue Melrose, Verdun, Montréal, H4H 1T5",15147686231,www.southwestunited.net,southwestunited@gmail.com,"Hommes, femmes, personnes défavorisées"
SE LOGER,Maison l' Exode - Pavillon Alpha,Hébergement (répit),"6400 rue Clark, Rosemont, Montréal, H2S 3E6",15145086900,www.maison-exode.org,info@maison-exode.org,"Hommes, femmes itinérants"
S’OCCUPER DE SOI,SAC Anjou - Service d'aide communautaire Anjou,"Centre de jour, repas, soutien et intervention, ateliers","6497 avenue Azilda, Anjou, Montréal, H1K 2Z8",15143544299,www.sacanjou.org,info@sacanjou.org,"Hommes, femmes, personnes seules"
SE LOGER,Mission Old Brewery - Pavillon Marcelle et Jean Coutu,"Hébergement, accompagnement","7 rue Saint-Antoine, Montréal, H2Z 1G8",15147881496,www.oldbrewerymission.ca,info@oldbrewerymission.ca,Hommes itinérants
SE LOGER,Héberjeune de Parc Extension,"Hébergement, soutien psychosocial","7004 Rue Hutchison, Montréal, QC, H3N 1Y6",15142732700,,hebjeun@cooptel.qc.ca,"18-25 ans, avec ou sans enfants"
SE LOGER,Maison Lucien-L'Allier,"Hébergement, soutien psychosocial, activités culturelles","720 rue Lucien-L'Allier, bureau 106, Montréal, H3C 1Z8",15149321898,,maison-lucienlallier@videotron.ca,"Hommes, femmes avec problèmes de santé mantale"
S'ORIENTER,TRAC - Travail de rue action communautaire,"Centre de jour, travailleurs de rue 7j, soutien et accompagnement","75 square Sir-George-Étienne-Cartier, bureau 212, Montréal, H4C 3A1",15149392122,www.letrac.org,info@letrac.org,Jeunes
S’OCCUPER DE SOI,PACT de rue - Projet ado communautaire,"Centre de jour, service d'intervention, accompagnement, distribution de matériel stérile","8105 avenue de Gaspé, bureau 200, Villeray-Saint-Michel-Parc-Extension, H2P 2J9",15142789181,www.pactderue.org,pact@videotron.ca,12-25 ans
S'ORIENTER,ATTRueQ - Association des travailleurs et travailleuses de rue du Québec,Regroupement et lieu d'échange des travailleurs et travailleuses de rue du Québec,"8105 avenue de Gaspé, Villeray-Saint-Michel-Parc-Extension, H2P 2J9",,www.attrueq.org,attrueq.org,travailleurs et travailleuses de rue
SE LOGER,Maison Agnès,"Hébergement, soutien psychosocial, réinsertion","838 rue Agnès, Le Sud-Ouest, Montréal, H4C 2P8",15149317236,www.lamaisonagnes.homestead.com,marielou.entretoit@videotron.ca,
SE NOURRIR,Mon resto Saint-Michel,"Centre de jour, repas, accompagnement, ateliers","8461 allée de Saint-Léonard, bureau 3, Villeray-Saint-Michel-Parc-Extension, H1Z 1Z4",15147274249,www.monrestostmichel.org,monresto@videotron.ca,"Hommes, femmes à faible revenu"
S’OCCUPER DE SOI,Projet PAL - Ressource alternative en santé mentale,"Centre de jour, hébergement, repas, soutien, ateliers, activités culturelles","861 rue de l' Église, Verdun, Montréal, H4G 2N3",15147674701,www.preojetpal.com,info@projetpal.com,"Hommes, femmes avec problèmes de santé mentale"
S’OCCUPER DE SOI,Antre-jeunes de Mercier-Est,"Centre de jour, travailleurs de rue, intervenants, santé, soutien familial et scolaire,","8615 rue Hochelaga, Montréal, H1L 2M5",15144939327,www.lantre-jeunes.com,accueil@lantre-jeunes.com,"Jeunes 12-17 ans, adultes en HLM"
SE SOIGNER,Centre d'intervention de crise l' Appoint,"Service d'intervention, intervention téléphonique 24h, hébergement à court terme, soutien psychosocial","8710 rue Marseille, Mercier-Hochelaga-Maisonneuve, H1L 1R9",15143516661,www.iusmm.ca/lappoint.html,,
SE LOGER,Maison L'Échelon,"Hébergement, accompagnement, activités culturelles","8777 rue Hochelaga, Mercier Hochelaga Maisonneuve, Montréal, H1L 2N1",15143554223,www.maisonechelon.ca,info@maisonechelon.ca,"Hommes, femmes avec suivi psychiatrique"
SE LOGER,Armée du Salut - L'ancrage,"Hébergement, accompagnement administratitif, activités culturelles, prévention toxicomanie/alcool","880 Guy Rue Montréal, QC H3J 1T4",15149322214,www.centreboothmtl.ca/ancrage.html,centreboothmtl@bellnet.ca,Hommes seuls 18 ans et plus - alcoolique ou toxicomanes
SE LOGER,Armée du Salut - Centre Booth-Le gouvernail,"Hébergement, soutien psychosocial, activité culturelles","880 rue Guy, Le Sud-Ouest, Montréal, H3J 1T4",,www.centreboothmtl.ca,centreboothmtl@bellnet.ca,Hommes 18 ans et plus à risque d'itinérance
SE LOGER,Armée du Salut - Centre Booth-Le rivage,"Hébergements, intervenants","880 rue Guy, Le Sud-Ouest, Montréal, H3J 1T4",,www.centreboothmtl.ca,centreboothmtl@bellnet.ca,"Hommes 18 ans et plus à risque d'itinérance, avec problème de santé mentale"
S’OCCUPER DE SOI,CCLP - Centre communautaire La Patience,"Centre de jour, repas, vêtements, ateliers","8961 12e Avenue, Villeray-Saint-Michel-Parc-Extension, Montréal, H1Z 3J5",15143264766,www.lapatience.org,cclp@videotron.ca,"Hommes, femmes, personnes défavorisées"
S’OCCUPER DE SOI,FDOI - Fonds d'aide de l' Ouest-de-l'île,"Centre de jour, repas, vêtements, ateliers","9 rue du Centre-Commercial, Pierrefond-Roxboro, Montréal, H8Y 2N9",15146830456,www.fdoi.org,info@fdoi.org,"Hommes, femmes et familles à faible revenu"
SE LOGER,Projets Autochtones Québec - PAQ,"Centre de nuit, hébergement, intervention en situation de crise, accompagnement, réinsertion","90 de la Gauchetière,Montréal,H2X 1P5",15148793310,www.paqc.org,paq.direction@gmail.com,Autochtones en situation d'itinérance
S’OCCUPER DE SOI,Mission Old Brewery- Café mission,"Centre de jour, soutien psychosocial, accompagnement","906, boul.Saint-Laurent, Montréal (Québec) H2Z 1J2",15148666591,www.oldbrewerymission.ca,efortier@oldbrewerymission.ca,"Hommes, femmes itinérants"
SE LOGER,Mission Old Brewery,"Centre de jour et hébergement, repas, vêtements, accompagnement, aide à l'emploi, volet santé mentale.","915 rue Clark, Montréal, H2Z 1J8",15148666591,www.oldbrewerymission.ca,info@missionoldbrewery.ca,"Hommes, femmes itinérants"
SE SOIGNER,Mission Old Brewery - Clinique médicale,"Hébergement, clinique santé sans rendez-vous, accompagnement, suivi","915 rue Clark, Montréal, H2Z 1J8",,www.oldbrewerymission.ca,info@oldbrewerymission.ca,Itinérant(e)s avec problèmes de santé mentale
SE LOGER,Mission Old Brewery - Pavillon Webster,"Hébergement, soutien psychosocial","915 rue Clark, Montréal, H2Z 1J8",15147982244,www.oldbrewerymission.ca,info@oldbrewerymission.ca,"Hommes itinérants, 18 ans et plus"
SE LOGER,Mission Old Brewery - Ressources alimentaires,repas,"915 rue Clark, Montréal, H2Z 1J8",15147982244,www.oldbrewerymission.ca,info@oldbrewerymission.ca,"Hommes, femmes itinérants"
SE NOURRIR,On Rock services communautaire,Repas,"9554 boulevard Gouin Ouest, Pierrefonds-Roxboro, Montréal, H8Y 1R3",15146961905,www.onrock.org,onrock@onrock.org,"Hommes, femmes à faible revenu"
S'ORIENTER,EMRII - Équipe mobile de référence et d'intervention en itinérance,"Service d'intervention 24h, SPVM et CIUSS du Centre-Sud-de-l' île-de-Montréal,","980 rue Guy, 1er étage, Montréal, H3H 2K3",,http://www.spvm.qc.ca/fr/Pages/Decouvrir-le-SPVM/Qui-fait-quoi/Itinerance--EMRII,emrii@spvm.qc.ca,Itinérants
S'ORIENTER,Centre d'écoute face à face,"Centre de jour, formation, écoute et soutien, accompagnement administratif, travailleurs de rue, intervenants, recherche de logement, groupe de soutien contre l'isolement","980 St Antoine Ouest, Montréal, QC, H3C 1A8",15149344546,,face934@gmail.com,"Hommes, femmes, à la recherche de logement, avec statut précaire, problème de santé mentale et/ou isolés"
S’OCCUPER DE SOI,Mission communautaire Mile-End,"Centre de jour, repas, soutien, activités culturelles","99 rue Bernard Ouest, Montréal, H2T 2J9",15142743401,www.mileendmission.org,general@mileendmission.org,"Hommes, femmes, personnes défavorisées, sans-abri"
SE SOIGNER,Centre de crise TRACOM,"Service d'intervention, intervention téléphonique 24h, hébergement à court terme, soutien psychosocial","C.P 7 succursale NDG, Montréal, H4A 3P4",15144833033,www.tracom.ca,info@tracom.ca,"Hommes, femmes en situation de crise"
SE SOIGNER,Hôpital Saint-Luc du CHUM - Service de médecine des toxicomanes,"Santé, sevrage, prévention, suivi, soutien psychosocial","Pavillon Édouard-Asselin, 264 boulevard René-Lévesque Est, 10e étage, Montréal, H2X 3J4",,http://www.chumontreal.qc.ca/patients-et-soins/departements-et-services/toxicomanie,,"Hommes, femmes 18 ans et plus avec problèmes de dépendance"
S’OCCUPER DE SOI,Phare (Le) - Les Oeuvres de Saint-Jacques,"Centre de jour, repas, activités culturelles","Sous-sol de la Chapelle Notre-Dame-de-Lourdes, 430-A, rue Sainte-Catherine Est, Montréal, H2L 2C5",,,le_phare1998@hotmail.com,"Hommes, femmes"
S'ORIENTER,YMCA Centre-Ville - Premier Arrêt,"Centre de jour, services et orientation de personnes nouvelles ou transitant par Montréal (Station centrale)","Station centrale d'autobus de Montréal, 1717 rue Berri, Montréal, H2L 4E9",15142842247,www.ymcaquebec.org,premier.arret@ymcaquebec.org,"Hommes, femmes, jeunes en situation de vulnérabilité"